minx,miny,maxx,maxy,lower,upper
493527.1182146452,7494629.643895278,556441.8354521097,7516492.022879522,-3200,1100.0
