minx,miny,maxx,maxy
116.937087,-22.654433,117.548579,-22.457856
